Origin_Year,Lag,CDF,current_paid,Ultimate,Reserve
2010,5,1.0,151667789.0,151667789.0,0.0
2011,4,1.121355932870058,122697322.0,137587369.97196788,14890047.971967876
2012,3,1.439647204647065,108520084.0,156230635.5786647,47710551.57866469
2013,2,2.053367392024645,78151048.0,160472813.61575285,82321765.61575285
2014,1,3.4262386883339735,36314379.0,124421730.2726228,88107351.2726228
2015,0,10.556446322368433,9681146.0,102198498.08801188,92517352.08801188
